mean_value,max_value,min_value,std_value,bounds,source_file
4.694239859585899,15,0,5.1307519870546505,"(77.23532611074998, 15.834654935690828, 81.32323611074997, 19.920459935690822)",01-01-2015.tif
