mean_value,max_value,min_value,std_value,bounds,source_file
7.79215566736757,15,1,6.2921701283975375,"(77.23532611074998, 15.834650121733912, 81.32323611074997, 19.920455121733905)",01-01-2022.tif
