mean_value,max_value,min_value,std_value,bounds,source_file
2.957122577657261,11,0,3.5134623225797186,"(77.11601505375154, 15.739685455347109, 81.46952019461946, 20.0361364799298)",01-01-2022.tif
